{
  "anupamwithcap.jpeg": "wild <a href='https://www.linkedin.com/in/anupam-das-b49379182/?originalSubdomain=in'>bear</a> in winters",
  "bijnikarandi.jpeg": "bijni ka <a href='https://www.linkedin.com/in/agraz-saha/?trk=public_profile_browsemap&originalSubdomain=in'>randi</a>",
  "chalakchinichutiya.jpeg": "chalak chini <a href='https://www.linkedin.com/in/robin-chayengia-523078255/?originalSubdomain=in'>chutiya</a>",
  "hirakinbarak.jpeg": "<a href='https://www.linkedin.com/in/hirakjyoti-choudhury-544010255/?originalSubdomain=in'>incognito</a> mode on ",
  "hirakwithspark.jpeg": "<a href='https://www.linkedin.com/in/hirakjyoti-choudhury-544010255/?originalSubdomain=in'>totla seth</a>",

  "kachrainbush.jpeg": "<a href='https://www.linkedin.com/in/prashant-kishor-a894b722a/?originalSubdomain=in'>kachra</a> searching for kachra",
  "kappacutting.jpeg": " <a href='https://www.linkedin.com/in/indrajit-ray-77a907226/'>kappa</a> cutting <a href='https://www.linkedin.com/in/kherkatary/?originalSubdomain=in'>sandip</a>",
  "kappahistory.jpeg": "<a href='https://www.linkedin.com/in/indrajit-ray-77a907226/'>fact</a>",
  "kappajijnash.jpeg": "aaj <a href='https://www.linkedin.com/in/indrajit-ray-77a907226/'>koi</a> <a href='https://www.linkedin.com/in/jijnash-kashyap-a9ab13227/?originalSubdomain=in'>kisiko</a> kidnap krega",
  "kappalibbooks.jpeg": "<a href='https://www.linkedin.com/in/indrajit-ray-77a907226/'>kappa</a> aankh fodke pdega",

  "kappaonbus.jpeg": "Inter NIT sports event ke beech nap lete hue <a href='https://www.linkedin.com/in/indrajit-ray-77a907226/'>kappa</a>",
  "karmakarserious.jpeg": "Serious <a href='https://www.linkedin.com/in/subhajit-karmakar-bb0723228/?originalSubdomain=in'>Karmakar</a>",
  "karmakarseriousevent.jpeg": "Nashedi <a href='https://www.linkedin.com/in/subhajit-karmakar-bb0723228/?originalSubdomain=in'>Karmakar</a>",
  "kaushikbday.jpeg": "<a href='https://www.linkedin.com/in/kaushik-deka-710869224/?originalSubdomain=in'>Playboy</a> on his own Bday",
  "kaushikseriouscc.jpeg": "<a href='https://www.linkedin.com/in/kaushik-deka-710869224/?originalSubdomain=in'>Playboy</a> after breakup ",

  "kaushikwithgf.jpeg": "<a href='https://www.linkedin.com/in/kaushik-deka-710869224/?originalSubdomain=in'>Playboy</a> chatting with his gf",
  "me.jpeg": "Its not <a href='https://www.linkedin.com/in/2112016-ranjan/'>me</a>",
  "ray.jpeg": "This is <a href='https://www.linkedin.com/in/indrajit-ray-77a907226/'>Indra</a> a.k.a. Kappa eating sweets",
  "toppokid.jpeg": "hasde <a href='https://www.linkedin.com/in/parthib-toppo-11b075255/'>chehreya</a> da matlab eh nhi hunda ki ohna nu koi takleef nhi hundi ,ohda matlab eh hunda ki uhna nu takleefan naal deal krna aunda .",
  "topponinja.jpeg": "Beware netizens, <a href='https://www.linkedin.com/in/parthib-toppo-11b075255/'>bravo 6</a> has arrived",
  "yogaman.jpeg": "aaj <a href='https://www.linkedin.com/in/anupam-das-b49379182/?originalSubdomain=in'>kalia</a> yoga krega",
  "kappaelection.jpeg": "avg bjp <a href='https://www.linkedin.com/in/indrajit-ray-77a907226/'>supporter</a>",
  "nashedikappa.jpeg": "saste <a href='https://www.linkedin.com/in/indrajit-ray-77a907226/'>nashe</a>"
}
